timestamp,datetime,views
1770836704.218803,2026-02-11T19:05:04.218803+00:00,69459445
1770837004.686405,2026-02-11T19:10:04.686405+00:00,69503861
1770837305.114289,2026-02-11T19:15:05.114289+00:00,69535434
1770837605.561361,2026-02-11T19:20:05.561361+00:00,69575451
1770837905.985532,2026-02-11T19:25:05.985532+00:00,69614377
1770838206.384793,2026-02-11T19:30:06.384793+00:00,69667173
1770838506.779377,2026-02-11T19:35:06.779377+00:00,69689411
1770838807.247073,2026-02-11T19:40:07.247073+00:00,69729319
1770839107.69334,2026-02-11T19:45:07.693340+00:00,69755021
1770839408.139742,2026-02-11T19:50:08.139742+00:00,69776012
1770839708.57803,2026-02-11T19:55:08.578030+00:00,69829936
1770840008.973645,2026-02-11T20:00:08.973645+00:00,69868899
1770840309.36325,2026-02-11T20:05:09.363250+00:00,69910248
1770840609.754472,2026-02-11T20:10:09.754472+00:00,69966559
1770840762.726333,2026-02-11T20:12:42.726333+00:00,70000317
1770841063.093363,2026-02-11T20:17:43.093363+00:00,70046907
1770841363.567895,2026-02-11T20:22:43.567895+00:00,70090704
1770841664.002008,2026-02-11T20:27:44.002008+00:00,70125800
1770841964.460413,2026-02-11T20:32:44.460413+00:00,70157247
1770842264.974954,2026-02-11T20:37:44.974954+00:00,70204587
1770842565.413529,2026-02-11T20:42:45.413529+00:00,70251415
1770842865.900457,2026-02-11T20:47:45.900457+00:00,70277529
1770843166.331379,2026-02-11T20:52:46.331379+00:00,70324739
1770843466.850254,2026-02-11T20:57:46.850254+00:00,70370824
1770843767.302994,2026-02-11T21:02:47.302994+00:00,70414902
1770844067.683298,2026-02-11T21:07:47.683298+00:00,70454332
1770844368.200512,2026-02-11T21:12:48.200512+00:00,70510897
1770844668.578803,2026-02-11T21:17:48.578803+00:00,70541580
1770844969.118464,2026-02-11T21:22:49.118464+00:00,70577204
1770845021.535874,2026-02-11T21:23:41.535874+00:00,70577204
1770845321.922911,2026-02-11T21:28:41.922911+00:00,70611833
1770845503.921097,2026-02-11T21:31:43.921097+00:00,70638583
1770845805.24017,2026-02-11T21:36:45.240170+00:00,70670895
1770846106.708564,2026-02-11T21:41:46.708564+00:00,70708983
1770846408.109864,2026-02-11T21:46:48.109864+00:00,70749088
1770846410.04607,2026-02-11T21:46:50.046070+00:00,70749088
1770846710.449023,2026-02-11T21:51:50.449023+00:00,70790404
1770847011.812933,2026-02-11T21:56:51.812933+00:00,70833867
1770847313.132273,2026-02-11T22:01:53.132273+00:00,70878251
1770847615.053033,2026-02-11T22:06:55.053033+00:00,70939018
1770847916.430241,2026-02-11T22:11:56.430241+00:00,70980058
1770848217.84156,2026-02-11T22:16:57.841560+00:00,71020647
1770848519.317063,2026-02-11T22:21:59.317063+00:00,71078954
1770848820.72812,2026-02-11T22:27:00.728120+00:00,71113816
1770849122.356522,2026-02-11T22:32:02.356522+00:00,71148022
1770849423.771377,2026-02-11T22:37:03.771377+00:00,71178570
1770849725.315999,2026-02-11T22:42:05.315999+00:00,71208945
1770850026.882557,2026-02-11T22:47:06.882557+00:00,71263409
1770850328.262466,2026-02-11T22:52:08.262466+00:00,71296575
1770850629.658431,2026-02-11T22:57:09.658431+00:00,71331236
1770850931.104552,2026-02-11T23:02:11.104552+00:00,71372246
1770851232.506507,2026-02-11T23:07:12.506507+00:00,71406656
1770851533.85434,2026-02-11T23:12:13.854340+00:00,71475458
1770851835.270318,2026-02-11T23:17:15.270318+00:00,71513363
